seq,ts,entity,entity_id,action,detail,prev_hash,hash
1,1790725501.275598,experiment,EXP-RNA-0042,create,"{""name"": ""iPSC batch 4 RNA-seq""}",0000000000000000000000000000000000000000000000000000000000000000,cb1318b9374ddb57312c5e99516f4c8a6aa7d1d55c8911adc30f85477efbd767
2,1790725501.2756858,experiment,EXP-RNA-0042,transition,"{""from"": ""registered"", ""to"": ""queued""}",cb1318b9374ddb57312c5e99516f4c8a6aa7d1d55c8911adc30f85477efbd767,b86a624ad527a18316ee1a3f13ada64edaace92de5e67ce5a5c89734faf9a325
3,1790725501.2757728,experiment,EXP-RNA-0042,transition,"{""from"": ""queued"", ""to"": ""assigned""}",b86a624ad527a18316ee1a3f13ada64edaace92de5e67ce5a5c89734faf9a325,0aacc1a2b0b5ed8ca1385f415486ee6605ae16148ba3da02e1af7b57db6d8dce
4,1790725501.275821,sample,S001,register,"{""kind"": ""rna""}",0aacc1a2b0b5ed8ca1385f415486ee6605ae16148ba3da02e1af7b57db6d8dce,e0ca5a2fb2aa4e773559884a0c46ab895fdda10c654c86f7cf3a6d94fce7bb6a
5,1790725501.275893,plate,EXP-RNA-0042:P1:A01,assign,"{""sample_id"": ""S001""}",e0ca5a2fb2aa4e773559884a0c46ab895fdda10c654c86f7cf3a6d94fce7bb6a,b54d970d931669cd7fb7a44bb1057620dc9d553b5bdba775de62b49202ad5c63
6,1790725501.275916,sample,S002,register,"{""kind"": ""rna""}",b54d970d931669cd7fb7a44bb1057620dc9d553b5bdba775de62b49202ad5c63,00d6807e306898850f2d596258b3afbef8e6ca3640d3cf7f8dee8b5dfa45a4b6
7,1790725501.275938,plate,EXP-RNA-0042:P1:A02,assign,"{""sample_id"": ""S002""}",00d6807e306898850f2d596258b3afbef8e6ca3640d3cf7f8dee8b5dfa45a4b6,a02be1af97e921a4c16e2839abf1dd1031350c5cb018fce0ff035708870ed8af
8,1790725501.275956,sample,S003,register,"{""kind"": ""rna""}",a02be1af97e921a4c16e2839abf1dd1031350c5cb018fce0ff035708870ed8af,e13151d42f14ddfc0edb93d2253fcc1efc393d7e5f6eb3851431e5a33bfa8028
9,1790725501.275975,plate,EXP-RNA-0042:P1:A03,assign,"{""sample_id"": ""S003""}",e13151d42f14ddfc0edb93d2253fcc1efc393d7e5f6eb3851431e5a33bfa8028,b6c84064a085fee7b1b2bc8071f0bc35c317ac19165c5cb28bb1d131303af487
10,1790725501.275991,sample,S004,register,"{""kind"": ""rna""}",b6c84064a085fee7b1b2bc8071f0bc35c317ac19165c5cb28bb1d131303af487,7725587c5f65b923b7b293003f428fb6c284015bfbb1a4425fcdde6a47c81b39
11,1790725501.27601,plate,EXP-RNA-0042:P1:A04,assign,"{""sample_id"": ""S004""}",7725587c5f65b923b7b293003f428fb6c284015bfbb1a4425fcdde6a47c81b39,a2e5ff9f6813eecd348b8279cf32d4a75af32e2189d4ce2f21f7ca43be4fe2c5
12,1790725501.276026,sample,S005,register,"{""kind"": ""rna""}",a2e5ff9f6813eecd348b8279cf32d4a75af32e2189d4ce2f21f7ca43be4fe2c5,381ab2a4edcfd547b7ffafdadc8eda6b48bba0c2fffa7f842e0400657a7677f1
13,1790725501.276043,plate,EXP-RNA-0042:P1:A05,assign,"{""sample_id"": ""S005""}",381ab2a4edcfd547b7ffafdadc8eda6b48bba0c2fffa7f842e0400657a7677f1,91147e9e169c50883788603b3670268dfffb69a36004e3e892940db90a531c02
14,1790725501.276059,sample,S006,register,"{""kind"": ""rna""}",91147e9e169c50883788603b3670268dfffb69a36004e3e892940db90a531c02,9b54ca4dd31e17006e0c5c128b714cc1dd50c403d3b99a84da6b67038014d672
15,1790725501.276076,plate,EXP-RNA-0042:P1:A06,assign,"{""sample_id"": ""S006""}",9b54ca4dd31e17006e0c5c128b714cc1dd50c403d3b99a84da6b67038014d672,69213850be23162c2f6146ea83cef6788c776f8142f60035fd7c7fc780d23b98
16,1790725501.2760909,sample,S007,register,"{""kind"": ""rna""}",69213850be23162c2f6146ea83cef6788c776f8142f60035fd7c7fc780d23b98,fb84c9725e89f28cec06e0f0a3ca02f2060fdd6ce4b981d95e8c1515a61a534d
17,1790725501.276109,plate,EXP-RNA-0042:P1:B01,assign,"{""sample_id"": ""S007""}",fb84c9725e89f28cec06e0f0a3ca02f2060fdd6ce4b981d95e8c1515a61a534d,2c922dcb200fb834708cc342f6c2f6c5dea7b7983a5068cf6a23f58a18004158
18,1790725501.276124,sample,S008,register,"{""kind"": ""rna""}",2c922dcb200fb834708cc342f6c2f6c5dea7b7983a5068cf6a23f58a18004158,815949d4b9f8d8aff12e5d0d9d22f244a5f3641bb40fef19c2ed4a7638352bf5
19,1790725501.2761421,plate,EXP-RNA-0042:P1:B02,assign,"{""sample_id"": ""S008""}",815949d4b9f8d8aff12e5d0d9d22f244a5f3641bb40fef19c2ed4a7638352bf5,57c923f6117c184b08f31d445d100798d823ce1b3507f7a1ab267965350aacb7
20,1790725501.276157,sample,S009,register,"{""kind"": ""rna""}",57c923f6117c184b08f31d445d100798d823ce1b3507f7a1ab267965350aacb7,c6cf754688d60a20945828b53ef9129ffae832839a2833edfaf2c191321792e3
21,1790725501.276175,plate,EXP-RNA-0042:P1:B03,assign,"{""sample_id"": ""S009""}",c6cf754688d60a20945828b53ef9129ffae832839a2833edfaf2c191321792e3,411dc08e26697d854ba53d0fbdeb6de378f3b3bb652f3794fda7a76bf0ac94ec
22,1790725501.2761972,sample,S010,register,"{""kind"": ""rna""}",411dc08e26697d854ba53d0fbdeb6de378f3b3bb652f3794fda7a76bf0ac94ec,a355321f026c275cf47e1615e0b2132d146608a7d2d7766412c2f83423140a20
23,1790725501.2762399,plate,EXP-RNA-0042:P1:B04,assign,"{""sample_id"": ""S010""}",a355321f026c275cf47e1615e0b2132d146608a7d2d7766412c2f83423140a20,276fe4f9f9167a680239256f4963b01695d4d86fdf1de2a6dae8edb28c860553
24,1790725501.276274,sample,S011,register,"{""kind"": ""rna""}",276fe4f9f9167a680239256f4963b01695d4d86fdf1de2a6dae8edb28c860553,819637b95ef5d6631c4d25114ccefe0cbbd93d6b75b3311a8409c444d1d0707b
25,1790725501.276303,plate,EXP-RNA-0042:P1:B05,assign,"{""sample_id"": ""S011""}",819637b95ef5d6631c4d25114ccefe0cbbd93d6b75b3311a8409c444d1d0707b,4029c4128ff38dd314a58d27f5db11cc856386bf817950be8a581f674b7a93f5
26,1790725501.276324,sample,S012,register,"{""kind"": ""rna""}",4029c4128ff38dd314a58d27f5db11cc856386bf817950be8a581f674b7a93f5,8d9ae584d2936d53a548cdf524700682628f9c9f564a12b752907aaf66da9c82
27,1790725501.276347,plate,EXP-RNA-0042:P1:B06,assign,"{""sample_id"": ""S012""}",8d9ae584d2936d53a548cdf524700682628f9c9f564a12b752907aaf66da9c82,76798da04e772e94f0656c7fc8c2cfcf17b130caff672d024d9bdbb9a2793000
28,1790725501.276364,sample,S013,register,"{""kind"": ""rna""}",76798da04e772e94f0656c7fc8c2cfcf17b130caff672d024d9bdbb9a2793000,8554bc6a847498c82afae66df2ecf422b009ccc16e8ada27baedd62eeae71b20
29,1790725501.276384,plate,EXP-RNA-0042:P1:C01,assign,"{""sample_id"": ""S013""}",8554bc6a847498c82afae66df2ecf422b009ccc16e8ada27baedd62eeae71b20,c5da030a16ecb92e090e20e08394aefa68eea64d367cd07dcd01611c09f3e882
30,1790725501.2764008,sample,S014,register,"{""kind"": ""rna""}",c5da030a16ecb92e090e20e08394aefa68eea64d367cd07dcd01611c09f3e882,5bf13bf79904ac5f1101ba31352fd351d1cdfc0aea9ba36d4afb0856e86c1720
31,1790725501.2764192,plate,EXP-RNA-0042:P1:C02,assign,"{""sample_id"": ""S014""}",5bf13bf79904ac5f1101ba31352fd351d1cdfc0aea9ba36d4afb0856e86c1720,3af832fc24a19f35837b04bf25c5a0af1165e1754a1da223ca78159cacd55ac8
32,1790725501.276434,sample,S015,register,"{""kind"": ""rna""}",3af832fc24a19f35837b04bf25c5a0af1165e1754a1da223ca78159cacd55ac8,9cf7cb4824fced3b37821d95bed828652a04a1d044b1db16e21503bce11809db
33,1790725501.279959,plate,EXP-RNA-0042:P1:C03,assign,"{""sample_id"": ""S015""}",9cf7cb4824fced3b37821d95bed828652a04a1d044b1db16e21503bce11809db,81cd14fb1660bb73d0263dcda17d2cb8291b16cccc6eb5ea2251f85792ba23c1
34,1790725501.280009,sample,S016,register,"{""kind"": ""rna""}",81cd14fb1660bb73d0263dcda17d2cb8291b16cccc6eb5ea2251f85792ba23c1,3db4f46433ce3c0c3c421750091e68cda8ab44082836e6281f31f47cf03aaf89
35,1790725501.280031,plate,EXP-RNA-0042:P1:C04,assign,"{""sample_id"": ""S016""}",3db4f46433ce3c0c3c421750091e68cda8ab44082836e6281f31f47cf03aaf89,4270622f61c2a5184fc5b2d8e4c06a4456e19be9162875bbe3f5c97c0668b2a5
36,1790725501.2800481,experiment,EXP-RNA-0042,transition,"{""from"": ""assigned"", ""to"": ""processed""}",4270622f61c2a5184fc5b2d8e4c06a4456e19be9162875bbe3f5c97c0668b2a5,7dbf374d5a66144abd33eff8c79afcba3123f1c9dd8e7f6eac1bcc4905dc0154
37,1790725501.2800808,experiment,EXP-RNA-0042,transition,"{""from"": ""processed"", ""to"": ""analyzed""}",7dbf374d5a66144abd33eff8c79afcba3123f1c9dd8e7f6eac1bcc4905dc0154,7133d6b282d6cc582b231c41aea4fad2e2ae6d01279e97e4428f14f58acf9b81
38,1790725501.280313,result,EXP-RNA-0042:quant.sf.S001,attach,"{""sha256"": ""15bd9ee0f5b39978d22a5b73980fe3bf3ad019e7bd3c6f2bdbd619b1a78389cf""}",7133d6b282d6cc582b231c41aea4fad2e2ae6d01279e97e4428f14f58acf9b81,5701d4df1ea2f2ef68d89485e218f259215b65195e5f19ac72cdcb57f7078394
39,1790725501.280441,result,EXP-RNA-0042:quant.sf.S002,attach,"{""sha256"": ""67a38e1662473c50ee66c91154e7e22893c212b277caf35a8fc10534d460252e""}",5701d4df1ea2f2ef68d89485e218f259215b65195e5f19ac72cdcb57f7078394,4f4965cfa23d44d6b8e75f8eec801ce0ec31d6575791c90b30ff1e113684de62
40,1790725501.280502,result,EXP-RNA-0042:quant.sf.S003,attach,"{""sha256"": ""455f6bfec04e9e9b988ff981f5a1869af860455c5ec2c445cd1da832f78c1c88""}",4f4965cfa23d44d6b8e75f8eec801ce0ec31d6575791c90b30ff1e113684de62,35b5db2f851e4b2d7ac65ac121c46a391a247e9a09cbeed78e72ffff0a401740
41,1790725501.280593,result,EXP-RNA-0042:quant.sf.S004,attach,"{""sha256"": ""3d2cdf7bf09ad10c77c6009c050613ce2fe7a4feab93b59b7b795c2805c1c6c3""}",35b5db2f851e4b2d7ac65ac121c46a391a247e9a09cbeed78e72ffff0a401740,99f11b4903e03134838b6623900dc9e54527f73ba9b5f6ea079504121f649464
42,1790725501.280659,result,EXP-RNA-0042:quant.sf.S005,attach,"{""sha256"": ""961715a2464aa6e5d390c93f1fe2c427d9f32231b8d2afa260c44e66d7ec00c0""}",99f11b4903e03134838b6623900dc9e54527f73ba9b5f6ea079504121f649464,163ff24bb3ac45db9bab1fde840d2b2bc23e43e88abaa1345d5ea28e85ad9371
43,1790725501.280688,result,EXP-RNA-0042:quant.sf.S006,attach,"{""sha256"": ""4225d072841be18277d05dc84b4fd27ea1f0e3c96828eef3d0fd4b0448ac5dec""}",163ff24bb3ac45db9bab1fde840d2b2bc23e43e88abaa1345d5ea28e85ad9371,30d5cafcfd2b6e4862dd315dcce0eee0cd8a8db420a1fd3c876fe458b9b55af0
44,1790725501.280708,result,EXP-RNA-0042:quant.sf.S007,attach,"{""sha256"": ""d039d25d76855bb597b8374cc7586e74e95939e33d0459be5b89f96b424aaf76""}",30d5cafcfd2b6e4862dd315dcce0eee0cd8a8db420a1fd3c876fe458b9b55af0,fb429c5484cf31191c2817ac115d88a29400c26583a7cd2bcb640ad626572a2f
45,1790725501.280726,result,EXP-RNA-0042:quant.sf.S008,attach,"{""sha256"": ""4c39491febfcf48e2fc4eb00ae8e78207fe377937fee512448ff41b885477e4f""}",fb429c5484cf31191c2817ac115d88a29400c26583a7cd2bcb640ad626572a2f,01750ce97e78d69c7589a6bf19846d2b030c8b808ef5ee6c5d59b34bcc2d7787
46,1790725501.280742,result,EXP-RNA-0042:quant.sf.S009,attach,"{""sha256"": ""04514c0172d2a7980369fbd9f0f3143d9ee5120b5673143597b8a7e8968ab90b""}",01750ce97e78d69c7589a6bf19846d2b030c8b808ef5ee6c5d59b34bcc2d7787,6d7b64d34474b862b58c01c9adb06d7953eb8f670ab65cab011ad2d8eb4c7d4d
47,1790725501.280757,result,EXP-RNA-0042:quant.sf.S010,attach,"{""sha256"": ""e1f9ffc47800a302f39088d9a87c581120a26eb1e63fb815fcdbba0334be2b5b""}",6d7b64d34474b862b58c01c9adb06d7953eb8f670ab65cab011ad2d8eb4c7d4d,ee901740532bdefeaf242e8990bbf1459f2dcdcba96bd6fbdfaa962481d5a77e
48,1790725501.2807722,result,EXP-RNA-0042:quant.sf.S011,attach,"{""sha256"": ""b7ee4e52eb6f059d1384d55d50360ad512ee1f89f98a423d5c20aa80746891d3""}",ee901740532bdefeaf242e8990bbf1459f2dcdcba96bd6fbdfaa962481d5a77e,cf9741858d28072e26b535fd9e44aeb5e2f58d641a9705212707016bac02b181
49,1790725501.280786,result,EXP-RNA-0042:quant.sf.S012,attach,"{""sha256"": ""62c65c3429d24991756240164f7d6d82a79ab6d60f63283698f18dae0b6ca191""}",cf9741858d28072e26b535fd9e44aeb5e2f58d641a9705212707016bac02b181,75e150adcdeb75793bc1a6ee8967c80c68e70e0352f4802d86a1f05aeb4bb099
50,1790725501.280802,result,EXP-RNA-0042:quant.sf.S013,attach,"{""sha256"": ""24e24945a9805417a6d0ee3563bd2d48842aecc3034d4b26e7f240afe5e17ec9""}",75e150adcdeb75793bc1a6ee8967c80c68e70e0352f4802d86a1f05aeb4bb099,2d317fcc9fb5a5ea3d3be98018de2f907b4fbfb95ba98f7bbc5b1022c5854cc4
51,1790725501.2808168,result,EXP-RNA-0042:quant.sf.S014,attach,"{""sha256"": ""0c339fe30dc749fb7beb6e444107f848810c83d968bc566fd76da5da47968a82""}",2d317fcc9fb5a5ea3d3be98018de2f907b4fbfb95ba98f7bbc5b1022c5854cc4,ea936943f2f88e2fa6a37590e4fd0eb00f92b8cf410e7af9fd9ccec724cc28e0
52,1790725501.280832,result,EXP-RNA-0042:quant.sf.S015,attach,"{""sha256"": ""5d3e4b8411617836edad60e6618509b2070f7277596e8a75c9ce63cc69183d17""}",ea936943f2f88e2fa6a37590e4fd0eb00f92b8cf410e7af9fd9ccec724cc28e0,731b01af16e54458dcbb9953cd39e7af2f2705b0ab65fedb413616ebb5ca6696
53,1790725501.280847,result,EXP-RNA-0042:quant.sf.S016,attach,"{""sha256"": ""5eeedf25fe4794f8a15e644c136b66daaf2ede4306234c8a14fe74bb0efc627d""}",731b01af16e54458dcbb9953cd39e7af2f2705b0ab65fedb413616ebb5ca6696,feb7fbd81d3752cace000bfe8b33d2ce11695b310e0484ebb9bd31b14356d171
54,1790725501.2808619,experiment,EXP-RNA-0042,transition,"{""from"": ""analyzed"", ""to"": ""locked""}",feb7fbd81d3752cace000bfe8b33d2ce11695b310e0484ebb9bd31b14356d171,0cd5f1b315fa3e8e8e7e12fa99e51a9504e8ba29f56e033cc36c6498f7c54454
55,1790725501.280951,experiment,EXP-PR-0017,create,"{""name"": ""Protein panel lot 12""}",0cd5f1b315fa3e8e8e7e12fa99e51a9504e8ba29f56e033cc36c6498f7c54454,e485e4257434d25dea75827a32ee3a334fd5079f3833ef5fdde84a97a7eacac7
56,1790725501.280971,experiment,EXP-PR-0017,transition,"{""from"": ""registered"", ""to"": ""queued""}",e485e4257434d25dea75827a32ee3a334fd5079f3833ef5fdde84a97a7eacac7,2b003c77080858a5bfb6a684caa66e4d3c99fa399ab92dd16e67f4d7400f707d
57,1790725501.2809842,experiment,EXP-PR-0017,transition,"{""from"": ""queued"", ""to"": ""assigned""}",2b003c77080858a5bfb6a684caa66e4d3c99fa399ab92dd16e67f4d7400f707d,f4cb3576001357d51056bf429eee3a2bb967bc494441d6404383783bc00498a0
58,1790725501.281002,sample,P001,register,"{""kind"": ""protein""}",f4cb3576001357d51056bf429eee3a2bb967bc494441d6404383783bc00498a0,44edf0a6759d9efa15a9994334df1e692dfd276590a0a513583e953e36099ed7
59,1790725501.28102,plate,EXP-PR-0017:P1:A01,assign,"{""sample_id"": ""P001""}",44edf0a6759d9efa15a9994334df1e692dfd276590a0a513583e953e36099ed7,5d682769575b270430cb82aa638814fdf7710e88f45c866b1bc1c8a994cf0015
60,1790725501.281034,sample,P002,register,"{""kind"": ""protein""}",5d682769575b270430cb82aa638814fdf7710e88f45c866b1bc1c8a994cf0015,c85c319d48b197f73ca7128c068714dbdaf9cabce997d7e4e34e4900b9ba4fd0
61,1790725501.281088,plate,EXP-PR-0017:P1:A02,assign,"{""sample_id"": ""P002""}",c85c319d48b197f73ca7128c068714dbdaf9cabce997d7e4e34e4900b9ba4fd0,f1f88c558aa289cbe2bfc457a54384f2d2c8932fe01910b922ab0a747743928c
62,1790725501.281108,sample,P003,register,"{""kind"": ""protein""}",f1f88c558aa289cbe2bfc457a54384f2d2c8932fe01910b922ab0a747743928c,34039bffc6f40dcb4a6dac2175750641dbf638df4a277060fd9b9b71a9d90f4b
63,1790725501.281124,plate,EXP-PR-0017:P1:A03,assign,"{""sample_id"": ""P003""}",34039bffc6f40dcb4a6dac2175750641dbf638df4a277060fd9b9b71a9d90f4b,2da46c7f6c2976b5bf6f7e12ba0276ffc6dca1d7dc91db27db9a0939809e0969
64,1790725501.281138,sample,P004,register,"{""kind"": ""protein""}",2da46c7f6c2976b5bf6f7e12ba0276ffc6dca1d7dc91db27db9a0939809e0969,b6c6931e31ca3c427bbd5e6edffd1ea01d9950cca28029b0df096fc024314824
65,1790725501.281153,plate,EXP-PR-0017:P1:A04,assign,"{""sample_id"": ""P004""}",b6c6931e31ca3c427bbd5e6edffd1ea01d9950cca28029b0df096fc024314824,75b60268b2bc461dd7ba5af4200560600b015a8cf8a553fb2201a3edd2569985
66,1790725501.2811651,sample,P005,register,"{""kind"": ""protein""}",75b60268b2bc461dd7ba5af4200560600b015a8cf8a553fb2201a3edd2569985,0d6713edc2e42afe6749aec49e3c709f58dcc2ee72ed54b6a5c15affec6c4356
67,1790725501.2811809,plate,EXP-PR-0017:P2:A05,assign,"{""sample_id"": ""P005""}",0d6713edc2e42afe6749aec49e3c709f58dcc2ee72ed54b6a5c15affec6c4356,ad8dab8e6cb4b3a4fab59db53d15158b84e5ae2c69ce1b1f0563c70d85bdb617
68,1790725501.281193,sample,P006,register,"{""kind"": ""protein""}",ad8dab8e6cb4b3a4fab59db53d15158b84e5ae2c69ce1b1f0563c70d85bdb617,79dc6f3413febf3ba234a9592590ddbcfc662b6a579f8081a9a84f764bf46345
69,1790725501.281208,plate,EXP-PR-0017:P2:A06,assign,"{""sample_id"": ""P006""}",79dc6f3413febf3ba234a9592590ddbcfc662b6a579f8081a9a84f764bf46345,b6a2b4e8429c561b83ea03b86f020af7fca6fb6fd602aea8236e550a4245cdbe
70,1790725501.2812202,sample,P007,register,"{""kind"": ""protein""}",b6a2b4e8429c561b83ea03b86f020af7fca6fb6fd602aea8236e550a4245cdbe,750b0c82c268c7805294079956fc4777bdac24f0c66b3d8e531cd284438aac20
71,1790725501.281235,plate,EXP-PR-0017:P2:B01,assign,"{""sample_id"": ""P007""}",750b0c82c268c7805294079956fc4777bdac24f0c66b3d8e531cd284438aac20,54fd85e26166c26abf9937cf0aac0519f6c2837ca140ccceab05766a7c514ce0
72,1790725501.281248,sample,P008,register,"{""kind"": ""protein""}",54fd85e26166c26abf9937cf0aac0519f6c2837ca140ccceab05766a7c514ce0,da738058929ad2009fb8ad27b9afe686622af5e0f2035e34288f682db44ef9f7
73,1790725501.2812622,plate,EXP-PR-0017:P2:B02,assign,"{""sample_id"": ""P008""}",da738058929ad2009fb8ad27b9afe686622af5e0f2035e34288f682db44ef9f7,f3e1be040522d8ffa5d5067720382bd5aa0b1dde4d4cd851c3c2ac3e4d0d471e
74,1790725501.2812748,experiment,EXP-PR-0017,transition,"{""from"": ""assigned"", ""to"": ""processed""}",f3e1be040522d8ffa5d5067720382bd5aa0b1dde4d4cd851c3c2ac3e4d0d471e,60c969c4843d5db747079856cb5124136f6bdb427985b1c091dc56691ac2ef4c
75,1790725501.281398,experiment,EXP-RNA-0051,create,"{""name"": ""iPSC batch 5 RNA-seq (planned)""}",60c969c4843d5db747079856cb5124136f6bdb427985b1c091dc56691ac2ef4c,a3e1732b5fe3442f17f697630739c30bd462ec26df6722354ba254b4638ea2a2
