result_id,experiment_id,name,content_sha256,meta,created
1,EXP-RNA-0042,quant.sf.S001,15bd9ee0f5b39978d22a5b73980fe3bf3ad019e7bd3c6f2bdbd619b1a78389cf,{},1790719746.5270212
2,EXP-RNA-0042,quant.sf.S002,67a38e1662473c50ee66c91154e7e22893c212b277caf35a8fc10534d460252e,{},1790719746.527057
3,EXP-RNA-0042,quant.sf.S003,455f6bfec04e9e9b988ff981f5a1869af860455c5ec2c445cd1da832f78c1c88,{},1790719746.527081
4,EXP-RNA-0042,quant.sf.S004,3d2cdf7bf09ad10c77c6009c050613ce2fe7a4feab93b59b7b795c2805c1c6c3,{},1790719746.527106
5,EXP-RNA-0042,quant.sf.S005,961715a2464aa6e5d390c93f1fe2c427d9f32231b8d2afa260c44e66d7ec00c0,{},1790719746.5271292
6,EXP-RNA-0042,quant.sf.S006,4225d072841be18277d05dc84b4fd27ea1f0e3c96828eef3d0fd4b0448ac5dec,{},1790719746.527151
7,EXP-RNA-0042,quant.sf.S007,d039d25d76855bb597b8374cc7586e74e95939e33d0459be5b89f96b424aaf76,{},1790719746.527173
8,EXP-RNA-0042,quant.sf.S008,4c39491febfcf48e2fc4eb00ae8e78207fe377937fee512448ff41b885477e4f,{},1790719746.527194
9,EXP-RNA-0042,quant.sf.S009,04514c0172d2a7980369fbd9f0f3143d9ee5120b5673143597b8a7e8968ab90b,{},1790719746.5272949
10,EXP-RNA-0042,quant.sf.S010,e1f9ffc47800a302f39088d9a87c581120a26eb1e63fb815fcdbba0334be2b5b,{},1790719746.527346
11,EXP-RNA-0042,quant.sf.S011,b7ee4e52eb6f059d1384d55d50360ad512ee1f89f98a423d5c20aa80746891d3,{},1790719746.52737
12,EXP-RNA-0042,quant.sf.S012,62c65c3429d24991756240164f7d6d82a79ab6d60f63283698f18dae0b6ca191,{},1790719746.527392
13,EXP-RNA-0042,quant.sf.S013,24e24945a9805417a6d0ee3563bd2d48842aecc3034d4b26e7f240afe5e17ec9,{},1790719746.527414
14,EXP-RNA-0042,quant.sf.S014,0c339fe30dc749fb7beb6e444107f848810c83d968bc566fd76da5da47968a82,{},1790719746.527436
15,EXP-RNA-0042,quant.sf.S015,5d3e4b8411617836edad60e6618509b2070f7277596e8a75c9ce63cc69183d17,{},1790719746.527458
16,EXP-RNA-0042,quant.sf.S016,5eeedf25fe4794f8a15e644c136b66daaf2ede4306234c8a14fe74bb0efc627d,{},1790719746.527479
