id,ts,channel,value,unit,quality
1,2026-09-29T23:45:01.296581+00:00,TEMP,22.062,degC,ok
2,2026-09-29T23:45:01.298684+00:00,PH,6.994,pH,ok
3,2026-09-29T23:45:01.298784+00:00,DO,94.776,percent,ok
4,2026-09-29T23:45:01.298867+00:00,AGIT,9.032,rpm,ok
5,2026-09-29T23:45:01.298919+00:00,WEIGHT,1000.01,g,ok
6,2026-09-29T23:45:02.305991+00:00,TEMP,29.596,degC,ok
7,2026-09-29T23:45:02.306335+00:00,PH,7.015,pH,ok
8,2026-09-29T23:45:02.306629+00:00,DO,83.439,percent,ok
9,2026-09-29T23:45:02.306969+00:00,AGIT,399.987,rpm,ok
10,2026-09-29T23:45:02.307155+00:00,WEIGHT,999.987,g,ok
11,2026-09-29T23:45:03.316839+00:00,TEMP,33.326,degC,ok
12,2026-09-29T23:45:03.316936+00:00,PH,7.015,pH,ok
13,2026-09-29T23:45:03.317013+00:00,DO,76.653,percent,ok
14,2026-09-29T23:45:03.317222+00:00,AGIT,400.024,rpm,ok
15,2026-09-29T23:45:03.317285+00:00,WEIGHT,999.934,g,ok
16,2026-09-29T23:45:04.320142+00:00,TEMP,35.198,degC,ok
17,2026-09-29T23:45:04.320256+00:00,PH,7.035,pH,ok
18,2026-09-29T23:45:04.320335+00:00,DO,72.651,percent,ok
19,2026-09-29T23:45:04.320396+00:00,AGIT,400.029,rpm,ok
20,2026-09-29T23:45:04.320453+00:00,WEIGHT,999.897,g,ok
21,2026-09-29T23:45:05.326031+00:00,TEMP,36.082,degC,ok
22,2026-09-29T23:45:05.326144+00:00,PH,7.007,pH,ok
23,2026-09-29T23:45:05.326213+00:00,DO,70.215,percent,ok
24,2026-09-29T23:45:05.326312+00:00,AGIT,400.005,rpm,ok
25,2026-09-29T23:45:05.326375+00:00,WEIGHT,999.881,g,ok
26,2026-09-29T23:45:06.328717+00:00,TEMP,36.532,degC,ok
27,2026-09-29T23:45:06.328868+00:00,PH,7.045,pH,ok
28,2026-09-29T23:45:06.328929+00:00,DO,68.818,percent,ok
29,2026-09-29T23:45:06.328987+00:00,AGIT,399.969,rpm,ok
30,2026-09-29T23:45:06.329035+00:00,WEIGHT,999.866,g,ok
31,2026-09-29T23:45:07.492472+00:00,TEMP,,degC,transport-error
32,2026-09-29T23:45:07.658191+00:00,PH,,pH,transport-error
33,2026-09-29T23:45:07.819630+00:00,DO,,percent,transport-error
34,2026-09-29T23:45:07.982057+00:00,AGIT,,rpm,transport-error
35,2026-09-29T23:45:08.141817+00:00,WEIGHT,,g,transport-error
36,2026-09-29T23:45:08.145115+00:00,TEMP,36.873,degC,ok
37,2026-09-29T23:45:08.145324+00:00,PH,7.069,pH,ok
38,2026-09-29T23:45:08.145497+00:00,DO,67.586,percent,ok
39,2026-09-29T23:45:08.145813+00:00,AGIT,400.006,rpm,ok
40,2026-09-29T23:45:08.146042+00:00,WEIGHT,999.816,g,ok
