experiment_id,plate,well,sample_id
EXP-PR-0017,P1,A01,P001
EXP-PR-0017,P1,A02,P002
EXP-PR-0017,P1,A03,P003
EXP-PR-0017,P1,A04,P004
EXP-PR-0017,P2,A05,P005
EXP-PR-0017,P2,A06,P006
EXP-PR-0017,P2,B01,P007
EXP-PR-0017,P2,B02,P008
EXP-RNA-0042,P1,A01,S001
EXP-RNA-0042,P1,A02,S002
EXP-RNA-0042,P1,A03,S003
EXP-RNA-0042,P1,A04,S004
EXP-RNA-0042,P1,A05,S005
EXP-RNA-0042,P1,A06,S006
EXP-RNA-0042,P1,B01,S007
EXP-RNA-0042,P1,B02,S008
EXP-RNA-0042,P1,B03,S009
EXP-RNA-0042,P1,B04,S010
EXP-RNA-0042,P1,B05,S011
EXP-RNA-0042,P1,B06,S012
EXP-RNA-0042,P1,C01,S013
EXP-RNA-0042,P1,C02,S014
EXP-RNA-0042,P1,C03,S015
EXP-RNA-0042,P1,C04,S016
