sample_id,kind,meta,created
P001,protein,"{""tissue"": ""supernatant"", ""batch"": 12}",1790719746.5276659
P002,protein,"{""tissue"": ""supernatant"", ""batch"": 12}",1790719746.527714
P003,protein,"{""tissue"": ""supernatant"", ""batch"": 12}",1790719746.527756
P004,protein,"{""tissue"": ""supernatant"", ""batch"": 12}",1790719746.527796
P005,protein,"{""tissue"": ""supernatant"", ""batch"": 12}",1790719746.5278358
P006,protein,"{""tissue"": ""supernatant"", ""batch"": 12}",1790719746.527877
P007,protein,"{""tissue"": ""supernatant"", ""batch"": 12}",1790719746.5279171
P008,protein,"{""tissue"": ""supernatant"", ""batch"": 12}",1790719746.527958
S001,rna,"{""tissue"": ""iPSC"", ""batch"": 4}",1790719746.525513
S002,rna,"{""tissue"": ""iPSC"", ""batch"": 4}",1790719746.525961
S003,rna,"{""tissue"": ""iPSC"", ""batch"": 4}",1790719746.526017
S004,rna,"{""tissue"": ""iPSC"", ""batch"": 4}",1790719746.5260642
S005,rna,"{""tissue"": ""iPSC"", ""batch"": 4}",1790719746.5261078
S006,rna,"{""tissue"": ""iPSC"", ""batch"": 4}",1790719746.526151
S007,rna,"{""tissue"": ""iPSC"", ""batch"": 4}",1790719746.526361
S008,rna,"{""tissue"": ""iPSC"", ""batch"": 4}",1790719746.5265322
S009,rna,"{""tissue"": ""iPSC"", ""batch"": 4}",1790719746.526576
S010,rna,"{""tissue"": ""iPSC"", ""batch"": 4}",1790719746.526626
S011,rna,"{""tissue"": ""iPSC"", ""batch"": 4}",1790719746.526719
S012,rna,"{""tissue"": ""iPSC"", ""batch"": 4}",1790719746.526762
S013,rna,"{""tissue"": ""iPSC"", ""batch"": 4}",1790719746.526803
S014,rna,"{""tissue"": ""iPSC"", ""batch"": 4}",1790719746.5268438
S015,rna,"{""tissue"": ""iPSC"", ""batch"": 4}",1790719746.526884
S016,rna,"{""tissue"": ""iPSC"", ""batch"": 4}",1790719746.526925
